<?xml version='1.0' encoding='UTF-8'?>
<package version="0.0.0" uuid="coboat_dewey-bbb66c" installOnlyAtStartup="false">
 <names>
  <name lang="en_US">Coboat_dewey</name>
 </names>
 <descriptions>
  <description lang="en_US">This application will run on choregraphe  software </description>
 </descriptions>
 <descriptionLanguages>
  <language>en_US</language>
 </descriptionLanguages>
 <contents>
  <behaviorContent path="greeting">
   <nature>interactive</nature>
   <autonomous/>
   <permissions/>
  </behaviorContent>
  <behaviorContent path="lets_ funnydance">
   <nature>interactive</nature>
   <permissions/>
  </behaviorContent>
  <behaviorContent path="get_face">
   <nature>interactive</nature>
   <permissions/>
  </behaviorContent>
  <behaviorContent path="get_expresion">
   <nature>interactive</nature>
   <autonomous/>
   <permissions/>
  </behaviorContent>
  <behaviorContent path="get_age_behavior/behavior_1">
   <nature></nature>
   <permissions/>
  </behaviorContent>
  <behaviorContent path="Telling_jokes/behavior_1">
   <nature>interactive</nature>
   <permissions/>
  </behaviorContent>
  <behaviorContent path="Face_recognision">
   <nature>interactive</nature>
   <autonomous/>
   <permissions/>
  </behaviorContent>
  <behaviorContent path="Object_recognasions">
   <nature>interactive</nature>
   <autonomous/>
   <permissions/>
  </behaviorContent>
  <behaviorContent path="Dewey_is here_for_you">
   <nature>interactive</nature>
   <autonomous/>
   <permissions/>
  </behaviorContent>
 </contents>
 <requirements>
  <naoqiRequirement/>
  <robotRequirement model="NAO"/>
 </requirements>
</package>
